/*
Navicat MySQL Data Transfer

Source Server         : 阿里云
Source Server Version : 80019
Source Host           : 47.113.80.250:3306
Source Database       : dachuang

Target Server Type    : MYSQL
Target Server Version : 80019
File Encoding         : 65001

Date: 2020-04-12 14:43:32
*/

SET FOREIGN_KEY_CHECKS=0;

-- ----------------------------
-- Table structure for `college`
-- ----------------------------
DROP TABLE IF EXISTS `college`;
CREATE TABLE `college` (
  `collegeId` bigint NOT NULL AUTO_INCREMENT COMMENT '自增学院id',
  `collegeName` varchar(50) NOT NULL COMMENT '学院名字',
  PRIMARY KEY (`collegeId`)
) ENGINE=InnoDB AUTO_INCREMENT=12 DEFAULT CHARSET=utf8mb4 COLLATE=utf8mb4_0900_ai_ci;

-- ----------------------------
-- Records of college
-- ----------------------------
INSERT INTO `college` VALUES ('1', '计算机科学与工程学院');
INSERT INTO `college` VALUES ('2', '政法学院');
INSERT INTO `college` VALUES ('3', '电子信息与电气工程学院');
INSERT INTO `college` VALUES ('4', '地理与旅游学院');
INSERT INTO `college` VALUES ('5', '数学与大数据学院');
INSERT INTO `college` VALUES ('6', '化学与材料工程学院');
INSERT INTO `college` VALUES ('7', '建筑与土木工程学院');
INSERT INTO `college` VALUES ('8', '旭日广东服装学院');
INSERT INTO `college` VALUES ('9', '生命科学学院');
INSERT INTO `college` VALUES ('10', '经济管理学院');
INSERT INTO `college` VALUES ('11', '体育学院');

-- ----------------------------
-- Table structure for `identity`
-- ----------------------------
DROP TABLE IF EXISTS `identity`;
CREATE TABLE `identity` (
  `identity_id` varchar(25) CHARACTER SET utf8mb4 COLLATE utf8mb4_0900_ai_ci NOT NULL COMMENT '闊偂鍞d',
  `description` varchar(50) CHARACTER SET utf8mb4 COLLATE utf8mb4_0900_ai_ci NOT NULL COMMENT '闊偂鍞ょ憴鎺曞閹诲繗鍫?',
  `identity_name` varchar(50) CHARACTER SET utf8mb4 COLLATE utf8mb4_0900_ai_ci DEFAULT NULL COMMENT '闊偂鍞ょ憴鎺曞閼昏鲸鏋冮崥?',
  PRIMARY KEY (`identity_id`)
) ENGINE=InnoDB DEFAULT CHARSET=utf8mb4 COLLATE=utf8mb4_0900_ai_ci COMMENT='身份表';

-- ----------------------------
-- Records of identity
-- ----------------------------
INSERT INTO `identity` VALUES ('1', '学生', 'student');
INSERT INTO `identity` VALUES ('2', '老师', 'teacher');
INSERT INTO `identity` VALUES ('3', '二级学院管理者', 'college administrators');
INSERT INTO `identity` VALUES ('4', '大创管理者，超级管理员', 'admin');
INSERT INTO `identity` VALUES ('5', '评审专家', 'expert');

-- ----------------------------
-- Table structure for `m_file`
-- ----------------------------
DROP TABLE IF EXISTS `m_file`;
CREATE TABLE `m_file` (
  `f_id` bigint NOT NULL AUTO_INCREMENT COMMENT '自增id',
  `f_url` varchar(200) CHARACTER SET utf8mb4 COLLATE utf8mb4_0900_ai_ci NOT NULL COMMENT '鏂囦欢璺緞',
  `f_name` varchar(200) CHARACTER SET utf8mb4 COLLATE utf8mb4_0900_ai_ci NOT NULL COMMENT '鏂囦欢鍚?',
  `f_type` varchar(50) CHARACTER SET utf8mb4 COLLATE utf8mb4_0900_ai_ci DEFAULT NULL COMMENT '鏂囦欢绫诲瀷锛宲df銆乨oc',
  `report_id` bigint NOT NULL COMMENT '是该中期报告的文件之一',
  PRIMARY KEY (`f_id`),
  KEY `file_report` (`report_id`),
  CONSTRAINT `file_report` FOREIGN KEY (`report_id`) REFERENCES `m_report` (`report_id`) ON DELETE CASCADE ON UPDATE CASCADE
) ENGINE=InnoDB AUTO_INCREMENT=12 DEFAULT CHARSET=utf8mb4 COLLATE=utf8mb4_0900_ai_ci;

-- ----------------------------
-- Records of m_file
-- ----------------------------
INSERT INTO `m_file` VALUES ('5', 'http://47.113.80.250/group1/M00/00/00/rBJg-l6R5aCAKOYbAATuTCSFI4s35.docx', '附件3.微博话题讨论操作流程.docx', null, '6');
INSERT INTO `m_file` VALUES ('6', 'http://47.113.80.250/group1/M00/00/00/rBJg-l6R5mGAaZjLAAByACkbRYU171.doc', '附件1.惠州学院2020年寒假社会实践活动记录表.doc', null, '6');
INSERT INTO `m_file` VALUES ('8', 'http://47.113.80.250/group1/M00/00/00/rBJg-l6StZ-AYXr3AA9MNnBiV6g759.pdf', '附件1 广东省关于举办第六届“互联网+”大学生创新创业大赛广东省分赛的预通知.pdf', null, '7');
INSERT INTO `m_file` VALUES ('9', 'http://47.113.80.250/group1/M00/00/00/rBJg-l6Stu2ASsj5ABk5WWFP-Ck97.pptx', '附件4：项目商业计划书参考模板.pptx', null, '7');
INSERT INTO `m_file` VALUES ('10', 'http://47.113.80.250/group1/M00/00/00/rBJg-l6St9CAZAAMAAVUS0k1PtE571.pdf', '惠院计算机〔2020〕11号 计算机科学与工程学院2020年“互联网+”大学生创新创业大赛实施方案(1).pdf', null, '8');
INSERT INTO `m_file` VALUES ('11', 'http://47.113.80.250/group1/M00/00/00/rBJg-l6St-GAaro5AIah3CPxLEI352.pdf', '项目计划书——绿小萝室内空气治理 （最新版）(1).pdf', null, '8');

-- ----------------------------
-- Table structure for `m_report`
-- ----------------------------
DROP TABLE IF EXISTS `m_report`;
CREATE TABLE `m_report` (
  `report_id` bigint NOT NULL AUTO_INCREMENT COMMENT '自增id',
  `user_id` varchar(25) NOT NULL COMMENT '负责人',
  `content` varchar(500) DEFAULT NULL COMMENT '中期文件解释，类似encoder',
  `project_id` bigint NOT NULL COMMENT '项目id',
  `t_comment` varchar(500) DEFAULT NULL COMMENT '导师评语',
  `t_approval` int DEFAULT NULL COMMENT '导师认可，未审核0，不通过1，通过2，退回修改3',
  `c_comment` varchar(500) DEFAULT NULL COMMENT '学院评语',
  `c_approval` int DEFAULT NULL COMMENT '学院认可，未审核0，不通过1，通过2，退回学生3，退回导师4',
  `expert` varchar(25) DEFAULT NULL COMMENT '评审专家id',
  `s_comment` varchar(500) DEFAULT NULL COMMENT '大创管理评语',
  `s_approval` int DEFAULT NULL COMMENT '大创管理认可，未审核0，通过2，退回修改3',
  `e_comment` varchar(500) DEFAULT NULL COMMENT '评审专家评语语',
  `e_approval` int DEFAULT NULL COMMENT '评审专家认可，未审核0，不通过1，通过2，暂缓通过3',
  PRIMARY KEY (`report_id`),
  KEY `report_user` (`user_id`),
  KEY `report_project` (`project_id`),
  CONSTRAINT `report_project` FOREIGN KEY (`project_id`) REFERENCES `project` (`project_id`) ON DELETE CASCADE ON UPDATE CASCADE,
  CONSTRAINT `report_user` FOREIGN KEY (`user_id`) REFERENCES `user` (`user_id`) ON DELETE CASCADE ON UPDATE CASCADE
) ENGINE=InnoDB AUTO_INCREMENT=9 DEFAULT CHARSET=utf8mb4 COLLATE=utf8mb4_0900_ai_ci COMMENT='中期报告表';

-- ----------------------------
-- Records of m_report
-- ----------------------------
INSERT INTO `m_report` VALUES ('6', '1714080902133', '吴泽强大创项目内容简介', '6', '指导老师评论', '2', '二级学院管理者评论', '2', 'expert', '大创管理者评论', '2', '专家评论', '2');
INSERT INTO `m_report` VALUES ('7', '1714080902139', '朱俊源该大创项目的中期报告简介', '8', null, '0', null, '0', 'expert', null, '0', null, '0');
INSERT INTO `m_report` VALUES ('8', '1714080902120', '刘丹锐该大创项目的中期报告简介', '9', null, '0', null, '0', null, null, '0', null, '0');

-- ----------------------------
-- Table structure for `oauth_access_token`
-- ----------------------------
DROP TABLE IF EXISTS `oauth_access_token`;
CREATE TABLE `oauth_access_token` (
  `token_id` varchar(256) DEFAULT NULL,
  `token` blob,
  `authentication_id` varchar(128) NOT NULL,
  `user_name` varchar(256) DEFAULT NULL,
  `client_id` varchar(256) DEFAULT NULL,
  `authentication` blob,
  `refresh_token` varchar(256) DEFAULT NULL,
  PRIMARY KEY (`authentication_id`)
) ENGINE=InnoDB DEFAULT CHARSET=utf8mb4 COLLATE=utf8mb4_0900_ai_ci;

-- ----------------------------
-- Records of oauth_access_token
-- ----------------------------
INSERT INTO `oauth_access_token` VALUES ('b8c84a3e47f08f92700525ff481253f6', 0xACED0005737200436F72672E737072696E676672616D65776F726B2E73656375726974792E6F61757468322E636F6D6D6F6E2E44656661756C744F4175746832416363657373546F6B656E0CB29E361B24FACE0200064C00156164646974696F6E616C496E666F726D6174696F6E74000F4C6A6176612F7574696C2F4D61703B4C000A65787069726174696F6E7400104C6A6176612F7574696C2F446174653B4C000C72656672657368546F6B656E74003F4C6F72672F737072696E676672616D65776F726B2F73656375726974792F6F61757468322F636F6D6D6F6E2F4F417574683252656672657368546F6B656E3B4C000573636F706574000F4C6A6176612F7574696C2F5365743B4C0009746F6B656E547970657400124C6A6176612F6C616E672F537472696E673B4C000576616C756571007E00057870737200176A6176612E7574696C2E4C696E6B6564486173684D617034C04E5C106CC0FB0200015A000B6163636573734F72646572787200116A6176612E7574696C2E486173684D61700507DAC1C31660D103000246000A6C6F6164466163746F724900097468726573686F6C6478703F4000000000000C770800000010000000017400036A746974002463626136393463612D353534362D343535332D383032332D31393263326532366263353578007372000E6A6176612E7574696C2E44617465686A81014B59741903000078707708000001759A3F2218787372004C6F72672E737072696E676672616D65776F726B2E73656375726974792E6F61757468322E636F6D6D6F6E2E44656661756C744578706972696E674F417574683252656672657368546F6B656E2FDF47639DD0C9B70200014C000A65787069726174696F6E71007E0002787200446F72672E737072696E676672616D65776F726B2E73656375726974792E6F61757468322E636F6D6D6F6E2E44656661756C744F417574683252656672657368546F6B656E73E10E0A6354D45E0200014C000576616C756571007E0005787074017865794A68624763694F694A49557A49314E694973496E523563434936496B705856434A392E65794A316332567958323568625755694F6949784E7A45304D4467774F5441794D544D7A4969776963324E76634755694F6C736959577873496C3073496D463061534936496D4E69595459354E474E684C5455314E4459744E4455314D7930344D44497A4C5445354D6D4D795A544932596D4D314E534973496D5634634349364D5459774E4449314D6A6B784E5377695958563061473979615852705A584D694F6C7369556D567762334A305357357A5A584A3049697769556D567762334A305658426B5958526C496C3073496D703061534936496D4A6A597A637A4D5759314C5467325A5449744E4463794F4330345957466A4C5751774E4755775A6A55344F446B335A434973496D4E7361575675644639705A434936496D5268593268315957356E496E302E464346524747524462535F6D73567A414F6247714F4A6251596667476B6A42724665666B734339376657597371007E000C77080000017584ECD8CD78737200256A6176612E7574696C2E436F6C6C656374696F6E7324556E6D6F6469666961626C65536574801D92D18F9B80550200007872002C6A6176612E7574696C2E436F6C6C656374696F6E7324556E6D6F6469666961626C65436F6C6C656374696F6E19420080CB5EF71E0200014C0001637400164C6A6176612F7574696C2F436F6C6C656374696F6E3B7870737200176A6176612E7574696C2E4C696E6B656448617368536574D86CD75A95DD2A1E020000787200116A6176612E7574696C2E48617368536574BA44859596B8B7340300007870770C000000023F40000000000001740003616C6C7874000662656172657274013C65794A68624763694F694A49557A49314E694973496E523563434936496B705856434A392E65794A6C654841694F6A45324D4451324D5441324D7A4173496E567A5A584A66626D46745A534936496A45334D5451774F4441354D4449784D7A4D694C434A686458526F62334A7064476C6C6379493657794A535A584276636E524A626E4E6C636E51694C434A535A584276636E5256634752686447556958537769616E5270496A6F6959324A684E6A6B30593245744E5455304E6930304E54557A4C5467774D6A4D744D546B79597A4A6C4D6A5A69597A553149697769593278705A57353058326C6B496A6F695A47466A61485668626D63694C434A7A593239775A53493657794A68624777695858302E427251656B42656D5A6334333949334B626238346F5646435A375F46673257775179596C72627157736334, '3f72a63ee45c3ea4527560e586a2d8f1', '1714080902133', 'dachuang', 0xACED0005737200416F72672E737072696E676672616D65776F726B2E73656375726974792E6F61757468322E70726F76696465722E4F417574683241757468656E7469636174696F6EBD400B02166252130200024C000D73746F7265645265717565737474003C4C6F72672F737072696E676672616D65776F726B2F73656375726974792F6F61757468322F70726F76696465722F4F4175746832526571756573743B4C00127573657241757468656E7469636174696F6E7400324C6F72672F737072696E676672616D65776F726B2F73656375726974792F636F72652F41757468656E7469636174696F6E3B787200476F72672E737072696E676672616D65776F726B2E73656375726974792E61757468656E7469636174696F6E2E416273747261637441757468656E7469636174696F6E546F6B656ED3AA287E6E47640E0200035A000D61757468656E746963617465644C000B617574686F7269746965737400164C6A6176612F7574696C2F436F6C6C656374696F6E3B4C000764657461696C737400124C6A6176612F6C616E672F4F626A6563743B787000737200266A6176612E7574696C2E436F6C6C656374696F6E7324556E6D6F6469666961626C654C697374FC0F2531B5EC8E100200014C00046C6973747400104C6A6176612F7574696C2F4C6973743B7872002C6A6176612E7574696C2E436F6C6C656374696F6E7324556E6D6F6469666961626C65436F6C6C656374696F6E19420080CB5EF71E0200014C00016371007E00047870737200136A6176612E7574696C2E41727261794C6973747881D21D99C7619D03000149000473697A65787000000002770400000002737200426F72672E737072696E676672616D65776F726B2E73656375726974792E636F72652E617574686F726974792E53696D706C654772616E746564417574686F7269747900000000000002080200014C0004726F6C657400124C6A6176612F6C616E672F537472696E673B787074000C5265706F7274496E736572747371007E000D74000C5265706F72745570646174657871007E000C707372003A6F72672E737072696E676672616D65776F726B2E73656375726974792E6F61757468322E70726F76696465722E4F41757468325265717565737400000000000000010200075A0008617070726F7665644C000B617574686F72697469657371007E00044C000A657874656E73696F6E7374000F4C6A6176612F7574696C2F4D61703B4C000B726564697265637455726971007E000E4C00077265667265736874003B4C6F72672F737072696E676672616D65776F726B2F73656375726974792F6F61757468322F70726F76696465722F546F6B656E526571756573743B4C000B7265736F7572636549647374000F4C6A6176612F7574696C2F5365743B4C000D726573706F6E7365547970657371007E0016787200386F72672E737072696E676672616D65776F726B2E73656375726974792E6F61757468322E70726F76696465722E426173655265717565737436287A3EA37169BD0200034C0008636C69656E74496471007E000E4C001172657175657374506172616D657465727371007E00144C000573636F706571007E001678707400086461636875616E67737200256A6176612E7574696C2E436F6C6C656374696F6E7324556E6D6F6469666961626C654D6170F1A5A8FE74F507420200014C00016D71007E00147870737200116A6176612E7574696C2E486173684D61700507DAC1C31660D103000246000A6C6F6164466163746F724900097468726573686F6C6478703F400000000000037708000000040000000274000A6772616E745F7479706574000870617373776F7264740008757365726E616D6574000D3137313430383039303231333378737200256A6176612E7574696C2E436F6C6C656374696F6E7324556E6D6F6469666961626C65536574801D92D18F9B80550200007871007E0009737200176A6176612E7574696C2E4C696E6B656448617368536574D86CD75A95DD2A1E020000787200116A6176612E7574696C2E48617368536574BA44859596B8B7340300007870770C000000103F40000000000001740003616C6C78017371007E0025770C000000103F40000000000000787371007E001C3F40000000000000770800000010000000007870707371007E0025770C000000103F4000000000000174000A7265735F7265706F7274787371007E0025770C000000103F40000000000000787372004F6F72672E737072696E676672616D65776F726B2E73656375726974792E61757468656E7469636174696F6E2E557365726E616D6550617373776F726441757468656E7469636174696F6E546F6B656E00000000000002080200024C000B63726564656E7469616C7371007E00054C00097072696E636970616C71007E00057871007E0003017371007E00077371007E000B0000000277040000000271007E000F71007E00117871007E0030737200176A6176612E7574696C2E4C696E6B6564486173684D617034C04E5C106CC0FB0200015A000B6163636573734F726465727871007E001C3F400000000000067708000000080000000271007E001E71007E001F71007E002071007E0021780070737200326F72672E737072696E676672616D65776F726B2E73656375726974792E636F72652E7573657264657461696C732E5573657200000000000002080200075A00116163636F756E744E6F6E457870697265645A00106163636F756E744E6F6E4C6F636B65645A001563726564656E7469616C734E6F6E457870697265645A0007656E61626C65644C000B617574686F72697469657371007E00164C000870617373776F726471007E000E4C0008757365726E616D6571007E000E7870010101017371007E0022737200116A6176612E7574696C2E54726565536574DD98509395ED875B0300007870737200466F72672E737072696E676672616D65776F726B2E73656375726974792E636F72652E7573657264657461696C732E5573657224417574686F72697479436F6D70617261746F720000000000000208020000787077040000000271007E000F71007E0011787074000D31373134303830393032313333, 'd27e7f0d498c2fab6c1555ae353fed4e');

-- ----------------------------
-- Table structure for `oauth_client_details`
-- ----------------------------
DROP TABLE IF EXISTS `oauth_client_details`;
CREATE TABLE `oauth_client_details` (
  `client_id` varchar(128) NOT NULL,
  `resource_ids` varchar(256) DEFAULT NULL,
  `client_secret` varchar(256) DEFAULT NULL,
  `scope` varchar(256) DEFAULT NULL,
  `authorized_grant_types` varchar(256) DEFAULT NULL,
  `web_server_redirect_uri` varchar(256) DEFAULT NULL,
  `authorities` varchar(256) DEFAULT NULL,
  `access_token_validity` int DEFAULT NULL,
  `refresh_token_validity` int DEFAULT NULL,
  `additional_information` varchar(4096) DEFAULT NULL,
  `autoapprove` varchar(256) DEFAULT NULL,
  PRIMARY KEY (`client_id`)
) ENGINE=InnoDB DEFAULT CHARSET=utf8mb4 COLLATE=utf8mb4_0900_ai_ci;

-- ----------------------------
-- Records of oauth_client_details
-- ----------------------------
INSERT INTO `oauth_client_details` VALUES ('dachuang', 'res_report', '$2a$10$my4Hv0qDU8zY.HlYlkwHlep95f95Yy6F4i66DCUuxrKUkCYB18e1S', 'all', 'password,refresh_token', null, null, '18000000', '18000000', null, null);

-- ----------------------------
-- Table structure for `oauth_refresh_token`
-- ----------------------------
DROP TABLE IF EXISTS `oauth_refresh_token`;
CREATE TABLE `oauth_refresh_token` (
  `token_id` varchar(256) DEFAULT NULL,
  `token` blob,
  `authentication` blob
) ENGINE=InnoDB DEFAULT CHARSET=utf8mb4 COLLATE=utf8mb4_0900_ai_ci;

-- ----------------------------
-- Records of oauth_refresh_token
-- ----------------------------
INSERT INTO `oauth_refresh_token` VALUES ('5f27a66b044570bfecf87088434b139a', 0xACED00057372004C6F72672E737072696E676672616D65776F726B2E73656375726974792E6F61757468322E636F6D6D6F6E2E44656661756C744578706972696E674F417574683252656672657368546F6B656E2FDF47639DD0C9B70200014C000A65787069726174696F6E7400104C6A6176612F7574696C2F446174653B787200446F72672E737072696E676672616D65776F726B2E73656375726974792E6F61757468322E636F6D6D6F6E2E44656661756C744F417574683252656672657368546F6B656E73E10E0A6354D45E0200014C000576616C75657400124C6A6176612F6C616E672F537472696E673B787074017865794A68624763694F694A49557A49314E694973496E523563434936496B705856434A392E65794A316332567958323568625755694F6949784E7A45304D4467774F5441794D544D7A4969776963324E76634755694F6C736959577873496C3073496D463061534936496A51354F54426D4E4759324C546B344D474D744E44426A4D7931684D4749344C5451314E3251344E446C6A4E4459334E434973496D5634634349364D5459774E4449314D6A6B784E5377695958563061473979615852705A584D694F6C7369556D567762334A305357357A5A584A3049697769556D567762334A305658426B5958526C496C3073496D703061534936496D4A6A597A637A4D5759314C5467325A5449744E4463794F4330345957466A4C5751774E4755775A6A55344F446B335A434973496D4E7361575675644639705A434936496D5268593268315957356E496E302E5666476D6F325536426C462D65685933676645765A4D5A64654F3845554A6F4C4A70644F433376633155637372000E6A6176612E7574696C2E44617465686A81014B597419030000787077080000017584ECD8CD78, 0xACED0005737200416F72672E737072696E676672616D65776F726B2E73656375726974792E6F61757468322E70726F76696465722E4F417574683241757468656E7469636174696F6EBD400B02166252130200024C000D73746F7265645265717565737474003C4C6F72672F737072696E676672616D65776F726B2F73656375726974792F6F61757468322F70726F76696465722F4F4175746832526571756573743B4C00127573657241757468656E7469636174696F6E7400324C6F72672F737072696E676672616D65776F726B2F73656375726974792F636F72652F41757468656E7469636174696F6E3B787200476F72672E737072696E676672616D65776F726B2E73656375726974792E61757468656E7469636174696F6E2E416273747261637441757468656E7469636174696F6E546F6B656ED3AA287E6E47640E0200035A000D61757468656E746963617465644C000B617574686F7269746965737400164C6A6176612F7574696C2F436F6C6C656374696F6E3B4C000764657461696C737400124C6A6176612F6C616E672F4F626A6563743B787000737200266A6176612E7574696C2E436F6C6C656374696F6E7324556E6D6F6469666961626C654C697374FC0F2531B5EC8E100200014C00046C6973747400104C6A6176612F7574696C2F4C6973743B7872002C6A6176612E7574696C2E436F6C6C656374696F6E7324556E6D6F6469666961626C65436F6C6C656374696F6E19420080CB5EF71E0200014C00016371007E00047870737200136A6176612E7574696C2E41727261794C6973747881D21D99C7619D03000149000473697A65787000000002770400000002737200426F72672E737072696E676672616D65776F726B2E73656375726974792E636F72652E617574686F726974792E53696D706C654772616E746564417574686F7269747900000000000002080200014C0004726F6C657400124C6A6176612F6C616E672F537472696E673B787074000C5265706F7274496E736572747371007E000D74000C5265706F72745570646174657871007E000C707372003A6F72672E737072696E676672616D65776F726B2E73656375726974792E6F61757468322E70726F76696465722E4F41757468325265717565737400000000000000010200075A0008617070726F7665644C000B617574686F72697469657371007E00044C000A657874656E73696F6E7374000F4C6A6176612F7574696C2F4D61703B4C000B726564697265637455726971007E000E4C00077265667265736874003B4C6F72672F737072696E676672616D65776F726B2F73656375726974792F6F61757468322F70726F76696465722F546F6B656E526571756573743B4C000B7265736F7572636549647374000F4C6A6176612F7574696C2F5365743B4C000D726573706F6E7365547970657371007E0016787200386F72672E737072696E676672616D65776F726B2E73656375726974792E6F61757468322E70726F76696465722E426173655265717565737436287A3EA37169BD0200034C0008636C69656E74496471007E000E4C001172657175657374506172616D657465727371007E00144C000573636F706571007E001678707400086461636875616E67737200256A6176612E7574696C2E436F6C6C656374696F6E7324556E6D6F6469666961626C654D6170F1A5A8FE74F507420200014C00016D71007E00147870737200116A6176612E7574696C2E486173684D61700507DAC1C31660D103000246000A6C6F6164466163746F724900097468726573686F6C6478703F400000000000037708000000040000000274000A6772616E745F7479706574000870617373776F7264740008757365726E616D6574000D3137313430383039303231333378737200256A6176612E7574696C2E436F6C6C656374696F6E7324556E6D6F6469666961626C65536574801D92D18F9B80550200007871007E0009737200176A6176612E7574696C2E4C696E6B656448617368536574D86CD75A95DD2A1E020000787200116A6176612E7574696C2E48617368536574BA44859596B8B7340300007870770C000000103F40000000000001740003616C6C78017371007E0025770C000000103F40000000000000787371007E001C3F40000000000000770800000010000000007870707371007E0025770C000000103F40000000000000787371007E0025770C000000103F40000000000000787372004F6F72672E737072696E676672616D65776F726B2E73656375726974792E61757468656E7469636174696F6E2E557365726E616D6550617373776F726441757468656E7469636174696F6E546F6B656E00000000000002080200024C000B63726564656E7469616C7371007E00054C00097072696E636970616C71007E00057871007E0003017371007E00077371007E000B0000000277040000000271007E000F71007E00117871007E002F737200176A6176612E7574696C2E4C696E6B6564486173684D617034C04E5C106CC0FB0200015A000B6163636573734F726465727871007E001C3F400000000000067708000000080000000271007E001E71007E001F71007E002071007E0021780070737200326F72672E737072696E676672616D65776F726B2E73656375726974792E636F72652E7573657264657461696C732E5573657200000000000002080200075A00116163636F756E744E6F6E457870697265645A00106163636F756E744E6F6E4C6F636B65645A001563726564656E7469616C734E6F6E457870697265645A0007656E61626C65644C000B617574686F72697469657371007E00164C000870617373776F726471007E000E4C0008757365726E616D6571007E000E7870010101017371007E0022737200116A6176612E7574696C2E54726565536574DD98509395ED875B0300007870737200466F72672E737072696E676672616D65776F726B2E73656375726974792E636F72652E7573657264657461696C732E5573657224417574686F72697479436F6D70617261746F720000000000000208020000787077040000000271007E000F71007E0011787074000D31373134303830393032313333);

-- ----------------------------
-- Table structure for `p_range`
-- ----------------------------
DROP TABLE IF EXISTS `p_range`;
CREATE TABLE `p_range` (
  `identity_id` varchar(25) NOT NULL COMMENT '身份角色ID',
  `p_id` varchar(25) NOT NULL COMMENT '权限ID',
  PRIMARY KEY (`identity_id`,`p_id`),
  KEY `fk_permission` (`p_id`),
  CONSTRAINT `fk_identity` FOREIGN KEY (`identity_id`) REFERENCES `identity` (`identity_id`) ON DELETE CASCADE ON UPDATE CASCADE,
  CONSTRAINT `fk_permission` FOREIGN KEY (`p_id`) REFERENCES `permission` (`p_id`) ON DELETE CASCADE ON UPDATE CASCADE
) ENGINE=InnoDB DEFAULT CHARSET=utf8mb4 COLLATE=utf8mb4_0900_ai_ci COMMENT='权限关联表';

-- ----------------------------
-- Records of p_range
-- ----------------------------
INSERT INTO `p_range` VALUES ('1', '2');
INSERT INTO `p_range` VALUES ('1', '3');

-- ----------------------------
-- Table structure for `permission`
-- ----------------------------
DROP TABLE IF EXISTS `permission`;
CREATE TABLE `permission` (
  `p_id` varchar(25) NOT NULL COMMENT '权限ID',
  `description` varchar(50) NOT NULL COMMENT '权限描述',
  `url` varchar(150) NOT NULL COMMENT '链接地址',
  `p_name` varchar(50) NOT NULL COMMENT '权限名',
  PRIMARY KEY (`p_id`)
) ENGINE=InnoDB DEFAULT CHARSET=utf8mb4 COLLATE=utf8mb4_0900_ai_ci COMMENT='权限表';

-- ----------------------------
-- Records of permission
-- ----------------------------
INSERT INTO `permission` VALUES ('1', '中期报告所有', '/report/**', 'ReportAll');
INSERT INTO `permission` VALUES ('2', '提交中期报告', '/report/insert', 'ReportInsert');
INSERT INTO `permission` VALUES ('3', '修改中期报告', '/report/update', 'ReportUpdate');
INSERT INTO `permission` VALUES ('4', '删除中期报告', '/report/delete', 'reportDelete');

-- ----------------------------
-- Table structure for `project`
-- ----------------------------
DROP TABLE IF EXISTS `project`;
CREATE TABLE `project` (
  `project_id` bigint NOT NULL AUTO_INCREMENT COMMENT '自增id',
  `user_id` varchar(25) NOT NULL COMMENT '负责人',
  `one_id` varchar(25) DEFAULT NULL COMMENT '指导老师1',
  `two_id` varchar(25) DEFAULT NULL COMMENT '指导老师2',
  `grade` int DEFAULT NULL COMMENT '等级，无0，校1，省2，国3',
  `project_name` varchar(50) NOT NULL COMMENT '项目名字',
  `collegeId` bigint NOT NULL COMMENT '学院id',
  `s_report` tinyint DEFAULT NULL COMMENT '申请报告提交状态，0未提交，1提交,默认0',
  `m_report` tinyint DEFAULT NULL COMMENT '中期报告提交状态，0未提交，1提交，默认0',
  `f_report` tinyint DEFAULT NULL COMMENT '结题报告提交状态，0未提交，1提交，默认0',
  PRIMARY KEY (`project_id`),
  KEY `project_user` (`user_id`),
  KEY `project_college` (`collegeId`),
  CONSTRAINT `project_college` FOREIGN KEY (`collegeId`) REFERENCES `college` (`collegeId`) ON DELETE CASCADE ON UPDATE CASCADE,
  CONSTRAINT `project_user` FOREIGN KEY (`user_id`) REFERENCES `user` (`user_id`) ON DELETE CASCADE ON UPDATE CASCADE
) ENGINE=InnoDB AUTO_INCREMENT=10 DEFAULT CHARSET=utf8mb4 COLLATE=utf8mb4_0900_ai_ci COMMENT='项目表';

-- ----------------------------
-- Records of project
-- ----------------------------
INSERT INTO `project` VALUES ('1', '1714080902122', 'peng', null, '2', '楼宇检验及维修信息化平台研发', '1', '0', '0', '0');
INSERT INTO `project` VALUES ('2', '1714080902132', 'ma', null, '1', '区域气象预警决策服务系统', '1', '0', '0', '0');
INSERT INTO `project` VALUES ('3', '1714080902121', 'ma', 'hu', '2', '基于RBAC的通用权限管理系统', '1', '0', '0', '0');
INSERT INTO `project` VALUES ('4', '1714080902123', 'teacher', null, '2', '词汇听写微信小程序辅助系统研发', '1', '0', '0', '0');
INSERT INTO `project` VALUES ('5', 'student1', 'teacher1', null, '3', '粤港澳大湾区建设下惠州市跨境电商发展路径研究', '10', '0', '0', '0');
INSERT INTO `project` VALUES ('6', '1714080902133', 'peng', null, '2', '面向蔬菜业田间管理的云平台开发', '1', '0', '1', '0');
INSERT INTO `project` VALUES ('7', 'student2', 'teacher2', null, '1', '蓝瓶子—塑料饮料瓶自动分类机', '5', '0', '0', '0');
INSERT INTO `project` VALUES ('8', '1714080902139', 'peng', null, '2', '称重物联网测控终端集贸市场零售APP', '1', '0', '1', '0');
INSERT INTO `project` VALUES ('9', '1714080902120', 'hu', null, '2', '互联网虚拟仿真教学辅助系统', '1', '0', '1', '0');

-- ----------------------------
-- Table structure for `time_args`
-- ----------------------------
DROP TABLE IF EXISTS `time_args`;
CREATE TABLE `time_args` (
  `m_out_date` datetime NOT NULL COMMENT '中期报告超时时间，yyyy-MM-dd hh:mm:ss',
  `id` bigint NOT NULL AUTO_INCREMENT COMMENT '鑷id',
  PRIMARY KEY (`id`)
) ENGINE=InnoDB AUTO_INCREMENT=2 DEFAULT CHARSET=utf8mb4 COLLATE=utf8mb4_0900_ai_ci COMMENT='时间参数表';

-- ----------------------------
-- Records of time_args
-- ----------------------------
INSERT INTO `time_args` VALUES ('2020-10-25 15:33:45', '1');

-- ----------------------------
-- Table structure for `user`
-- ----------------------------
DROP TABLE IF EXISTS `user`;
CREATE TABLE `user` (
  `user_id` varchar(25) NOT NULL COMMENT '用户ID',
  `password` varchar(150) NOT NULL COMMENT '用户密码',
  `user_name` varchar(50) DEFAULT NULL COMMENT '用户姓名',
  `phone` varchar(11) DEFAULT NULL COMMENT '用户手机，11位',
  `identity_id` varchar(25) NOT NULL COMMENT '身份角色ID',
  `collegeId` bigint NOT NULL COMMENT '学院id',
  PRIMARY KEY (`user_id`),
  KEY `user_identity` (`identity_id`),
  KEY `user_college` (`collegeId`),
  CONSTRAINT `user_college` FOREIGN KEY (`collegeId`) REFERENCES `college` (`collegeId`) ON DELETE CASCADE ON UPDATE CASCADE,
  CONSTRAINT `user_identity` FOREIGN KEY (`identity_id`) REFERENCES `identity` (`identity_id`) ON DELETE CASCADE ON UPDATE CASCADE
) ENGINE=InnoDB DEFAULT CHARSET=utf8mb4 COLLATE=utf8mb4_0900_ai_ci;

-- ----------------------------
-- Records of user
-- ----------------------------
INSERT INTO `user` VALUES ('1714080902120', '$2a$10$d8CJrVBwmX4RNM3VwAe1oODM2ulrI5dz8iPZ63bfvcrIamcU5UVhW', '刘丹锐', '65656541111', '1', '1');
INSERT INTO `user` VALUES ('1714080902121', '$2a$10$d8CJrVBwmX4RNM3VwAe1oODM2ulrI5dz8iPZ63bfvcrIamcU5UVhW', '郑桂洲', '17724248547', '1', '1');
INSERT INTO `user` VALUES ('1714080902122', '$2a$10$d8CJrVBwmX4RNM3VwAe1oODM2ulrI5dz8iPZ63bfvcrIamcU5UVhW', '黄史林', '17764564564', '1', '1');
INSERT INTO `user` VALUES ('1714080902123', '$2a$10$d8CJrVBwmX4RNM3VwAe1oODM2ulrI5dz8iPZ63bfvcrIamcU5UVhW', '徐略标', '17727242485', '1', '1');
INSERT INTO `user` VALUES ('1714080902132', '$2a$10$d8CJrVBwmX4RNM3VwAe1oODM2ulrI5dz8iPZ63bfvcrIamcU5UVhW', '潘强', '17724249627', '1', '1');
INSERT INTO `user` VALUES ('1714080902133', '$2a$10$d8CJrVBwmX4RNM3VwAe1oODM2ulrI5dz8iPZ63bfvcrIamcU5UVhW', '吴泽强', '17727242496', '1', '1');
INSERT INTO `user` VALUES ('1714080902139', '$2a$10$d8CJrVBwmX4RNM3VwAe1oODM2ulrI5dz8iPZ63bfvcrIamcU5UVhW', '朱俊源', '46546511111', '1', '1');
INSERT INTO `user` VALUES ('admin', '$2a$10$d8CJrVBwmX4RNM3VwAe1oODM2ulrI5dz8iPZ63bfvcrIamcU5UVhW', 'admin', '17777777711', '4', '1');
INSERT INTO `user` VALUES ('computerAdmin', '$2a$10$d8CJrVBwmX4RNM3VwAe1oODM2ulrI5dz8iPZ63bfvcrIamcU5UVhW', '计算机管理', '11111111111', '3', '1');
INSERT INTO `user` VALUES ('economicsAdmin', '$2a$10$d8CJrVBwmX4RNM3VwAe1oODM2ulrI5dz8iPZ63bfvcrIamcU5UVhW', '经管学院管理', '11234565222', '3', '10');
INSERT INTO `user` VALUES ('expert', '$2a$10$d8CJrVBwmX4RNM3VwAe1oODM2ulrI5dz8iPZ63bfvcrIamcU5UVhW', 'expert', '16666666611', '5', '1');
INSERT INTO `user` VALUES ('expert1', '$2a$10$d8CJrVBwmX4RNM3VwAe1oODM2ulrI5dz8iPZ63bfvcrIamcU5UVhW', '专家1', '17772444422', '5', '2');
INSERT INTO `user` VALUES ('expert2', '$2a$10$d8CJrVBwmX4RNM3VwAe1oODM2ulrI5dz8iPZ63bfvcrIamcU5UVhW', '专家2', '11654546422', '5', '5');
INSERT INTO `user` VALUES ('hu', '$2a$10$d8CJrVBwmX4RNM3VwAe1oODM2ulrI5dz8iPZ63bfvcrIamcU5UVhW', '胡辉', '11111111111', '2', '1');
INSERT INTO `user` VALUES ('ma', '$2a$10$d8CJrVBwmX4RNM3VwAe1oODM2ulrI5dz8iPZ63bfvcrIamcU5UVhW', '马驰', '11111111111', '2', '1');
INSERT INTO `user` VALUES ('mathAdmin', '$2a$10$d8CJrVBwmX4RNM3VwAe1oODM2ulrI5dz8iPZ63bfvcrIamcU5UVhW', '数学管理', '64564564566', '3', '5');
INSERT INTO `user` VALUES ('peng', '$2a$10$d8CJrVBwmX4RNM3VwAe1oODM2ulrI5dz8iPZ63bfvcrIamcU5UVhW', '彭树宏', '45646451111', '2', '1');
INSERT INTO `user` VALUES ('student1', '$2a$10$d8CJrVBwmX4RNM3VwAe1oODM2ulrI5dz8iPZ63bfvcrIamcU5UVhW', '张三', '17242485961', '1', '10');
INSERT INTO `user` VALUES ('student2', '$2a$10$d8CJrVBwmX4RNM3VwAe1oODM2ulrI5dz8iPZ63bfvcrIamcU5UVhW', '李四', '15478845644', '1', '5');
INSERT INTO `user` VALUES ('teacher', '$2a$10$d8CJrVBwmX4RNM3VwAe1oODM2ulrI5dz8iPZ63bfvcrIamcU5UVhW', '计算机老师', '17777777711', '2', '1');
INSERT INTO `user` VALUES ('teacher1', '$2a$10$d8CJrVBwmX4RNM3VwAe1oODM2ulrI5dz8iPZ63bfvcrIamcU5UVhW', '经管老师', '46452222222', '2', '10');
INSERT INTO `user` VALUES ('teacher2', '$2a$10$d8CJrVBwmX4RNM3VwAe1oODM2ulrI5dz8iPZ63bfvcrIamcU5UVhW', '数学老师', '45645641112', '2', '5');
INSERT INTO `user` VALUES ('user', '$2a$10$d8CJrVBwmX4RNM3VwAe1oODM2ulrI5dz8iPZ63bfvcrIamcU5UVhW', 'user', '17772424811', '1', '2');
